{
  "generatedAt": "2026-07-23T05:48:03.794Z",
  "evaluatorVersion": 2,
  "recordCount": 160,
  "sweepFiles": [
    "natural-sweep.json",
    "comfort-sweep.json",
    "responsive-sweep.json",
    "refined-sweep.json"
  ],
  "score": {
    "mean": 65.585925,
    "median": 66.07849999999999,
    "min": 61.468,
    "max": 69.65
  },
  "plantStrengthOneCount": 58,
  "plantStrengthOneRate": 0.3625,
  "familyStatistics": {
    "natural": {
      "count": 40,
      "score": {
        "mean": 64.96080000000002,
        "median": 64.9175,
        "min": 63.879,
        "max": 66.281
      },
      "best": 66.281
    },
    "comfort": {
      "count": 40,
      "score": {
        "mean": 66.722775,
        "median": 66.63300000000001,
        "min": 65.87,
        "max": 67.6
      },
      "best": 67.6
    },
    "responsive": {
      "count": 40,
      "score": {
        "mean": 62.09032499999999,
        "median": 62.111999999999995,
        "min": 61.468,
        "max": 63.174
      },
      "best": 63.174
    },
    "refined": {
      "count": 40,
      "score": {
        "mean": 68.5698,
        "median": 68.481,
        "min": 67.97,
        "max": 69.65
      },
      "best": 69.65
    }
  },
  "parameterSensitivity": {
    "bodyHeightMeters": {
      "pearsonScore": 0.404935500927349,
      "lowerQuartile": {
        "mean": 1.6558929693893023,
        "median": 1.658845637982418,
        "min": 1.5291757424772565,
        "max": 1.7868896697365617
      },
      "upperQuartile": {
        "mean": 1.7819314250605096,
        "median": 1.798714294750365,
        "min": 1.648689460752314,
        "max": 1.9149847686233752
      }
    },
    "hipFollowTau": {
      "pearsonScore": -0.11360358118278767,
      "lowerQuartile": {
        "mean": 0.12739762526499565,
        "median": 0.13078284847732724,
        "min": 0.09395920327777371,
        "max": 0.15624656320927321
      },
      "upperQuartile": {
        "mean": 0.10980664667190676,
        "median": 0.1077888270313921,
        "min": 0.0869837843289074,
        "max": 0.16399843425458
      }
    },
    "hipLeanDegrees": {
      "pearsonScore": -0.34492072354111664,
      "lowerQuartile": {
        "mean": 9.437339907948552,
        "median": 9.156229698171945,
        "min": 5.379301188690262,
        "max": 14.634415861048929
      },
      "upperQuartile": {
        "mean": 6.800809675851376,
        "median": 6.733957212760185,
        "min": 1.7791991731055994,
        "max": 10.904930061616529
      }
    },
    "footSpacingMeters": {
      "pearsonScore": -0.22942863637446304,
      "lowerQuartile": {
        "mean": 0.21800094879499393,
        "median": 0.21876042708554533,
        "min": 0.17765813508353392,
        "max": 0.2607567860835131
      },
      "upperQuartile": {
        "mean": 0.19570203058479335,
        "median": 0.19717669726742662,
        "min": 0.16222907616036988,
        "max": 0.2423683219239118
      }
    },
    "strideLengthMeters": {
      "pearsonScore": -0.8425224405020006,
      "lowerQuartile": {
        "mean": 0.4908355694259939,
        "median": 0.47489678724448203,
        "min": 0.4256688088644734,
        "max": 0.7151975300522022
      },
      "upperQuartile": {
        "mean": 0.2605322392137067,
        "median": 0.2536421448868874,
        "min": 0.21225951962586245,
        "max": 0.3167711662987978
      }
    },
    "stepHeightMeters": {
      "pearsonScore": -0.39512804432977744,
      "lowerQuartile": {
        "mean": 0.09696939873170814,
        "median": 0.09674072844378165,
        "min": 0.055820816224380496,
        "max": 0.14209408993641437
      },
      "upperQuartile": {
        "mean": 0.07481466898013953,
        "median": 0.06324324023882019,
        "min": 0.04963603836134535,
        "max": 0.12500464213780754
      }
    },
    "gaitSmoothingTau": {
      "pearsonScore": 0.05386999575559563,
      "lowerQuartile": {
        "mean": 0.11568122012521316,
        "median": 0.12073549300969905,
        "min": 0.07606392866544485,
        "max": 0.1406472715233637
      },
      "upperQuartile": {
        "mean": 0.11459688970759904,
        "median": 0.11346163031979573,
        "min": 0.08809085983123151,
        "max": 0.17086353018343148
      }
    },
    "turnToeDegrees": {
      "pearsonScore": -0.08661892903136678,
      "lowerQuartile": {
        "mean": 9.727215745592124,
        "median": 7.970004469142297,
        "min": 2.396086313014891,
        "max": 20.788424841495427
      },
      "upperQuartile": {
        "mean": 9.43643410128334,
        "median": 7.600785088539075,
        "min": 1.8818426522803282,
        "max": 21.55881790609934
      }
    },
    "footPlantStrength": {
      "pearsonScore": 0.8899483720289184,
      "lowerQuartile": {
        "mean": 0.8578427030657616,
        "median": 0.8654351233530022,
        "min": 0.7550502245943296,
        "max": 0.899605914652164
      },
      "upperQuartile": {
        "mean": 0.9995348526870528,
        "median": 1,
        "min": 0.9880647567604038,
        "max": 1
      }
    }
  },
  "bottleneckFrequency": {
    "stop_settling": 158,
    "planted_slip": 2
  },
  "robustTop15": [
    {
      "rank": 1,
      "source": "refined-sweep",
      "min": 66.744,
      "mean": 71.5762,
      "stddev": 6.813629587818816,
      "profile": {
        "bodyHeightMeters": 1.8525807128882632,
        "hipFollowTau": 0.0869837843289074,
        "hipLeanDegrees": 1.8478046873807923,
        "footSpacingMeters": 0.16936077279200612,
        "strideLengthMeters": 0.21601473931620271,
        "stepHeightMeters": 0.10770646744395303,
        "gaitSmoothingTau": 0.1108959804194781,
        "turnToeDegrees": 3.185774900570925,
        "footPlantStrength": 1
      },
      "scores": {
        "default": 69.567,
        "stop-heavy": 69.238,
        "turn-heavy": 66.744,
        "transitions": 67.302,
        "endurance": 85.03
      }
    },
    {
      "rank": 2,
      "source": "refined-sweep",
      "min": 66.224,
      "mean": 71.0338,
      "stddev": 6.855554868863644,
      "profile": {
        "bodyHeightMeters": 1.7597133792874582,
        "hipFollowTau": 0.08894568402309724,
        "hipLeanDegrees": 1.7791991731055994,
        "footSpacingMeters": 0.2008432437582391,
        "strideLengthMeters": 0.24902328051960984,
        "stepHeightMeters": 0.12235252979896531,
        "gaitSmoothingTau": 0.11259378148870071,
        "turnToeDegrees": 19.457257204435937,
        "footPlantStrength": 1
      },
      "scores": {
        "default": 68.067,
        "stop-heavy": 69.392,
        "turn-heavy": 66.911,
        "transitions": 66.224,
        "endurance": 84.575
      }
    },
    {
      "rank": 3,
      "source": "refined-sweep",
      "min": 66.114,
      "mean": 71.1854,
      "stddev": 6.722979952372311,
      "profile": {
        "bodyHeightMeters": 1.8609890393896076,
        "hipFollowTau": 0.09085421482134697,
        "hipLeanDegrees": 9.186041093518138,
        "footSpacingMeters": 0.17672246136471936,
        "strideLengthMeters": 0.22098964099047103,
        "stepHeightMeters": 0.05610675149188437,
        "gaitSmoothingTau": 0.09777520154251548,
        "turnToeDegrees": 6.312825720902504,
        "footPlantStrength": 1
      },
      "scores": {
        "default": 69.65,
        "stop-heavy": 69.535,
        "turn-heavy": 66.339,
        "transitions": 66.114,
        "endurance": 84.289
      }
    },
    {
      "rank": 4,
      "source": "refined-sweep",
      "min": 65.648,
      "mean": 71.07919999999999,
      "stddev": 7.249473178100602,
      "profile": {
        "bodyHeightMeters": 1.7199951999712972,
        "hipFollowTau": 0.09836305234528599,
        "hipLeanDegrees": 3.909353782846383,
        "footSpacingMeters": 0.20705734167932685,
        "strideLengthMeters": 0.23174518076683426,
        "stepHeightMeters": 0.07113600512757128,
        "gaitSmoothingTau": 0.11706024119969528,
        "turnToeDegrees": 15.675625176017515,