{
  "generatedAt": "2026-07-23T06:14:21.219Z",
  "evaluatorVersion": 4,
  "autotuneTopRecordCount": 80,
  "crossValidatedProfiles": 77,
  "score": {
    "mean": 66.77130000000001,
    "median": 66.787,
    "min": 65.533,
    "max": 67.557
  },
  "parameterPearsonScore": {
    "bodyHeightMeters": 2.4359377941008835e-14,
    "hipFollowTau": 0.225477387027625,
    "hipLeanDegrees": -0.06466753855251628,
    "footSpacingMeters": -2.4359377941008835e-14,
    "strideLengthMeters": -0.1993794893938546,
    "stepHeightMeters": 0.09110450133016322,
    "gaitSmoothingTau": 0.040489757462950554,
    "turnToeDegrees": 0.1503780660628637,
    "footPlantStrength": 0.06392220458215397
  },
  "robustWinner": {
    "profile": {
      "bodyHeightMeters": 1.65,
      "hipFollowTau": 0.14,
      "hipLeanDegrees": 8,
      "footSpacingMeters": 0.2,
      "strideLengthMeters": 0.5,
      "stepHeightMeters": 0.07,
      "gaitSmoothingTau": 0.14,
      "turnToeDegrees": 10,
      "footPlantStrength": 0.9
    },
    "source": "v4-balanced-sweep",
    "scores": {
      "default": 66.302,
      "stop-heavy": 64.627,
      "turn-heavy": 65.85,
      "transitions": 65.034,
      "endurance": 81.546
    },
    "mean": 68.67179999999999,
    "min": 64.627,
    "stddev": 6.464016225227164,
    "details": {
      "stop-heavy": {
        "score": 64.627,
        "metrics": {
          "elapsedSeconds": 12.49999999999996,
          "plantedFootWorldSlipMetersPerSecond": 0.10570318596819461,
          "plantedHeightErrorMeters": 0,
          "swingClearanceMeters": 0.06999978089664502,
          "waistPeakAcceleration": 3.0770634214490897,
          "waistPeakJerk": 55.494840974036066,
          "leftRightPhaseAsymmetry": 0.2016229712858925,
          "stopSettlingSpeed": 0.10961493988072238,
          "stopOvershootMeters": 0.3139269967768222,
          "toeTurnAlignmentDegrees": 14.156738116967787,
          "nonFinitePoseCount": 0,
          "swingSteps": 9,
          "commandedTravelMeters": 3.270968829644947,
          "actualTravelMeters": 3.2709657637850214,
          "turnDegrees": 71.99999999999997,
          "movementSeconds": 3.999999999999988
        },
        "components": {
          "planted_slip": 0.0488,
          "planted_height": 1,
          "swing_clearance": 1,
          "waist_smoothness": 0.58973,
          "phase_symmetry": 0.1629,
          "stop_settling": 0.07012,
          "toe_turn_alignment": 0.52546,
          "movement_coverage": 1,
          "stepping_coverage": 1,
          "cadence_naturalness": 0.8825,
          "anthropometric_shape": 0.99864,
          "plant_compliance": 1,
          "pose_finiteness": 1,
          "evaluator_version": 4
        },
        "findings": [
          "Planted feet slip in world space; increase foot plant strength.",
          "Waist acceleration or jerk is abrupt; increase gait smoothing.",
          "Left/right gait phases are asymmetric.",
          "Stop leaves residual speed or overshoot.",
          "Turn-in-place toe yaw does not follow the turn direction."
        ],
        "version": 4
      },
      "turn-heavy": {
        "score": 65.85,
        "metrics": {
          "elapsedSeconds": 7.999999999999974,
          "plantedFootWorldSlipMetersPerSecond": 0.10273465724255998,
          "plantedHeightErrorMeters": 0,
          "swingClearanceMeters": 0.0699998175272095,
          "waistPeakAcceleration": 3.9115621865609738,
          "waistPeakJerk": 70.4878328720563,
          "leftRightPhaseAsymmetry": 0.010204081632653053,
          "stopSettlingSpeed": 0.20967983426575307,
          "stopOvershootMeters": 0.3145196841504752,
          "toeTurnAlignmentDegrees": 18.466516980709983,
          "nonFinitePoseCount": 0,
          "swingSteps": 10,
          "commandedTravelMeters": 3.270968829644947,
          "actualTravelMeters": 3.113923806767025,
          "turnDegrees": 216.00000000000006,
          "movementSeconds": 5.999999999999981
        },
        "components": {
          "planted_slip": 0.05312,
          "planted_height": 1,
          "swing_clearance": 1,
          "waist_smoothness": 0.5112,
          "phase_symmetry": 0.91225,
          "stop_settling": 0.03036,
          "toe_turn_alignment": 0.43198,
          "movement_coverage": 0.95199,
          "stepping_coverage": 1,
          "cadence_naturalness": 0.98909,
          "anthropometric_shape": 0.99864,
          "plant_compliance": 1,
          "pose_finiteness": 1,
          "evaluator_version": 4
        },
        "findings": [
          "Planted feet slip in world space; increase foot plant strength.",
          "Waist acceleration or jerk is abrupt; increase gait smoothing.",
          "Stop leaves residual speed or overshoot.",
          "Turn-in-place toe yaw does not follow the turn direction."
        ],
        "version": 4
      },
      "transitions": {
        "score": 65.034,
        "metrics": {
          "elapsedSeconds": 6.522222222222202,
          "plantedFootWorldSlipMetersPerSecond": 0.1327302082803274,
          "plantedHeightErrorMeters": 0,
          "swingClearanceMeters": 0.06999978229025734,
          "waistPeakAcceleration": 3.854339054791112,
          "waistPeakJerk": 71.21277455447375,
          "leftRightPhaseAsymmetry": 0.02955665024630539,
          "stopSettlingSpeed": 0.2028426171266713,
          "stopOvershootMeters": 0.3042635648261627,
          "toeTurnAlignmentDegrees": 16.763663087681394,
          "nonFinitePoseCount": 0,
          "swingSteps": 8,
          "commandedTravelMeters": 3.340287560176189,
          "actualTravelMeters": 3.185321674093078,
          "turnDegrees": 107.99999902470438,
          "movementSeconds": 4.522222222222209
        },
        "components": {
          "planted_slip": 0.02254,
          "planted_height": 1,
          "swing_clearance": 1,
          "waist_smoothness": 0.51123,
          "phase_symmetry": 0.76643,
          "stop_settling": 0.03402,
          "toe_turn_alignment": 0.46674,
          "movement_coverage": 0.95361,
          "stepping_coverage": 1,
          "cadence_naturalness": 0.99941,
          "anthropometric_shape": 0.99864,
          "plant_compliance": 1,
          "pose_finiteness": 1,
          "evaluator_version": 4
        },
        "findings": [
          "Planted feet slip in world space; increase foot plant strength.",
          "Waist acceleration or jerk is abrupt; increase gait smoothing.",
          "Stop leaves residual speed or overshoot.",
          "Turn-in-place toe yaw does not follow the turn direction."
        ],
        "version": 4
      },
      "endurance": {
        "score": 81.546,
        "metrics": {
          "elapsedSeconds": 10.999999999999964,
          "plantedFootWorldSlipMetersPerSecond": 0.016345959178210082,
          "plantedHeightErrorMeters": 0,
          "swingClearanceMeters": 0.0699995866707983,
          "waistPeakAcceleration": 3.9197296842209006,
          "waistPeakJerk": 70.33460823538108,
          "leftRightPhaseAsymmetry": 0.05820757622420697,
          "stopSettlingSpeed": 0.000021530281096201988,
          "stopOvershootMeters": 0.000043060562193447826,
          "toeTurnAlignmentDegrees": 16.491702619331807,
          "nonFinitePoseCount": 0,
          "swingSteps": 17,
          "commandedTravelMeters": 7.691937659289803,
          "actualTravelMeters": 7.5350620803006265,
          "turnDegrees": 107.99999394803926,
          "movementSeconds": 8.499999999999973
        },
        "components": {
          "planted_slip": 0.62686,
          "planted_height": 1,
          "swing_clearance": 1,
          "waist_smoothness": 0.51134,
          "phase_symmetry": 0.59223,
          "stop_settling": 0.99958,
          "toe_turn_alignment": 0.47254,
          "movement_coverage": 0.97961,
          "stepping_coverage": 1,
          "cadence_naturalness": 0.97561,
          "anthropometric_shape": 0.99864,
          "plant_compliance": 1,
          "pose_finiteness": 1,